{"tooth_class_loss_1_train": 2.237328052520752, "total_train": 2.237328052520752, "_timestamp": 1724841072.4213912, "_runtime": 5.5012712478637695, "_step": 3, "_wandb": {"runtime": 4}}