{"_wandb": {"runtime": 6}, "tooth_class_loss_1_train": 2.8990371227264404, "total_train": 2.8990371227264404, "_timestamp": 1724837570.2516518, "step_lr": 0.001, "_runtime": 4.74147367477417, "_step": 1}