{"ce_loss_train": 2.5272040367126465, "centroid_loss_train": 0.0, "total_train": 2.5272040367126465, "_timestamp": 1725008935.3887773, "_runtime": 7.64721417427063, "_step": 16, "_wandb": {"runtime": 6}}