{"tooth_class_loss_1_train": 2.6171486377716064, "total_train": 2.6171486377716064, "_timestamp": 1724836879.4944046, "_runtime": 5.009279489517212, "_step": 3, "_wandb": {"runtime": 4}}