{"ce_loss_train": 1.7633503675460815, "centroid_loss_train": 0.0, "total_train": 1.7633503675460815, "_timestamp": 1725184862.4877453, "_runtime": 92.94797539710999, "_step": 70, "_wandb": {"runtime": 22}}