{"_wandb": {"runtime": 3}, "tooth_class_loss_1_train": 2.903315782546997, "total_train": 2.903315782546997, "_timestamp": 1724841314.7772372, "_runtime": 7.693504095077515, "_step": 1}