{"tooth_class_loss_1_train": 2.3301401138305664, "total_train": 2.3301401138305664, "_timestamp": 1724835187.2937608, "_runtime": 78.9945297241211, "_step": 4}