{"tooth_class_loss_1_train": 2.419428825378418, "total_train": 2.419428825378418, "_timestamp": 1724834168.7409356, "_runtime": 10.29184365272522, "_step": 5, "_wandb": {"runtime": 4}}