{"tooth_class_loss_1_train": 2.6218602657318115, "total_train": 2.6218602657318115, "_timestamp": 1724839891.276426, "_runtime": 5.1357550621032715, "_step": 2, "_wandb": {"runtime": 11}}