{"tooth_class_loss_1_train": 2.401455879211426, "total_train": 2.401455879211426, "_timestamp": 1724840019.2035797, "_runtime": 5.308668613433838, "_step": 3, "_wandb": {"runtime": 4}}