{"tooth_class_loss_1_train": 2.438319444656372, "total_train": 2.438319444656372, "_timestamp": 1724840515.1061363, "_runtime": 5.2758684158325195, "_step": 3, "_wandb": {"runtime": 4}}