{"ce_loss_train": 1.859920120239258, "centroid_loss_train": 0.1326580047607422, "total_train": 1.992578125, "_timestamp": 1724832673.6213677, "_runtime": 7.612307786941528, "_step": 8, "_wandb": {"runtime": 6}}