{"ce_loss_train": 0.11315279453992844, "centroid_loss_train": 0.0, "total_train": 0.11315279453992844, "_timestamp": 1725290546.2897143, "_runtime": 11120.705934286118, "_step": 50400, "step_lr": 1e-05, "ce_loss_val": 0.20872181593957875, "centroid_loss_val": 0.0, "total_val": 0.20872181593957875, "_wandb": {"runtime": 11117}}