{"tooth_class_loss_1_train": 2.4536020755767822, "total_train": 2.4536020755767822, "_timestamp": 1724839716.9785156, "_runtime": 14.949247598648071, "_step": 4, "_wandb": {"runtime": 64}}