{"tooth_class_loss_1_train": 1.5929049253463745, "total_train": 1.5929049253463745, "_timestamp": 1724841534.3619707, "_runtime": 27.911826610565186, "_step": 87, "_wandb": {"runtime": 24}}